{"trlosshistory": [4.803030545103784, 4.7928897932464, 4.783794717227711, 4.775782297171799, 4.768784407073376, 4.762660815669041, 4.757293342141544, 4.7526015337775736, 4.7484645170323985, 4.744895246917126, 4.74182425106273, 4.739148607441023, 4.736870769425934, 4.734915939031863, 4.733296562643612, 4.7319531010646445, 4.730855335908777], "vallosshistory": [4.761351791082644, 4.769816589355469, 4.769402866737515, 4.768203705432368, 4.767847966212853, 4.7679534014533544, 4.768727051978018, 4.769959154316023, 4.771733631807215, 4.774028224571079, 4.776726846133961, 4.779804872999004, 4.783230530981924, 4.786916635550704, 4.790946062873392, 4.795176427504596, 4.799556118834253], "valacchistory": [0.012745099142193794, 0.01764705963432789, 0.02450980618596077, 0.02549019828438759, 0.028431374579668045, 0.029411766678094864, 0.0313725508749485, 0.030392158776521683, 0.03235294297337532, 0.03333333507180214, 0.036274511367082596, 0.038235295563936234, 0.04215686395764351, 0.045098040252923965, 0.045098040252923965, 0.04411764815449715, 0.046078432351350784], "last_epoch": 16}