{"trlosshistory": [4.909991305482154, 4.784645170323989, 4.703569778741575, 4.628589345894608], "vallosshistory": [4.824935165106082, 4.826981757668888, 4.809316238702512, 4.78984078799977], "valacchistory": [0.007843137718737125, 0.006862745154649019, 0.01274509821087122, 0.01764705963432789], "last_epoch": 3}