{"trlosshistory": [4.681697970122293, 4.804542740965201, 4.69069666644327, 4.595245610654744, 4.844461179247089, 5.074434118333206, 4.977813770568448, 4.878519095626532, 4.780710357466554, 4.686429989883323], "vallosshistory": [4.678139680351308, 4.803628510119868, 4.745767929974725, 4.671045241013072, 4.8584981681474675, 5.029408473594516, 4.99332432965048, 4.941398271548203, 4.896917006548713, 4.85555556552862], "valacchistory": [0.009803921915590763, 0.006535947788506746, 0.003267973894253373, 0.003267973894253373, 0.009803921915590763, 0.0, 0.006535947788506746, 0.03921568766236305, 0.06209150329232216, 0.07516340166330338], "last_epoch": -1}