{"trlosshistory": [4.684514712664037, 4.690075843162786, 4.691163156546798, 4.69173920076657, 4.6929522744970384, 4.671873055252374, 4.693134981043198, 4.697024077371834, 4.701940100177441, 4.707924088621451], "vallosshistory": [4.680898030598958, 4.695051604626226, 4.6958381802428, 4.700272553886464, 4.706569596832874, 4.707900801515268, 4.719407524158752, 4.729996525384243, 4.7413210900001275, 4.753723892511106], "valacchistory": [0.013071895577013493, 0.026143791154026985, 0.029411764815449715, 0.026143791154026985, 0.029411764815449715, 0.04575163498520851, 0.04575163498520851, 0.04901960864663124, 0.05228758230805397, 0.05228758230805397], "last_epoch": -1}