{"trlosshistory": [4.646432764389935, 4.485013425739762, 4.351547091614966, 4.222726460375817, 4.09694452223435, 3.973785350525301, 3.8531290690104165, 3.734844880945542, 3.6189030665977326, 3.5053033267750457, 3.4303614298502603, 3.4244067622166052, 3.4184859531377656, 3.412589179144965, 3.4067660562353197, 3.40094821904999, 3.3951222538168913, 3.389315387002783, 3.383526571435866, 3.377757502537148, 3.3755795846577565, 3.380121168747447, 3.3847055871502247, 3.3892521577722885, 3.3937998254314747, 3.398348191205193, 3.4028974046894147, 3.4074466680389603, 3.4119965796377145, 3.4165464912364687, 3.421454286263659, 3.4270332685483047, 3.4326129988128065, 3.4381930282692506, 3.443767323213465, 3.4493502448586857, 3.4549334158305247, 3.4605166865330115, 3.4661003062927644, 3.47168462416705, 3.477305892246221, 3.482996772317325, 3.488687702253753, 3.494378831651476, 3.500070210375817, 3.505762037888072, 3.5114542643229165, 3.5171464408924376, 3.5228387670579298, 3.528531342550041, 3.5342265609043095, 3.5399273641748366, 3.545627918118745, 3.551328870985243, 3.5570294747944753, 3.562730676987592, 3.5684320786420036, 3.5741332808351207, 3.5798346824895324, 3.585536084143944, 3.591237834855622, 3.596939785028595, 3.6026413362789778, 3.608343535778569, 3.614045485951542, 3.619747485989839, 3.625631294998468, 3.6313372343973396, 3.637043522853477, 3.6427493625217013, 3.6484561496310763, 3.6541620890299478, 3.659868477216733, 3.665574965134166, 3.6712815527822458], "vallosshistory": [4.639060475467857, 4.568421706654667, 4.4791668661279616, 4.398416307237413, 4.3224849825591045, 4.250213922238817, 4.18000254911535, 4.1115147709067354, 4.044349919736775, 3.9783586988262103, 3.9766871134440103, 3.975247750874438, 3.973899093328738, 3.972578210768357, 3.971252491271574, 3.969908321605009, 3.9685797597847734, 3.9672283097809435, 3.9659012439204195, 3.9645730810227735, 3.969442529616013, 3.97434573703342, 3.9792682423311123, 3.984202914767795, 3.989144368888506, 3.9940907098109424, 3.999039145076976, 4.0039896248212825, 4.008941401064006, 4.0138945735357945, 4.019409379148795, 4.02498821183747, 4.030569637522978, 4.036153207417407, 4.041772281422334, 4.047360089869281, 4.052949444141263, 4.05853939679713, 4.064129399318321, 4.069720099954044, 4.075375376184002, 4.081031350528493, 4.086687873391544, 4.092344894907833, 4.0980025646733305, 4.103659885381561, 4.109318602318857, 4.114976720872268, 4.120634939156327, 4.126293755824269, 4.131957908081852, 4.137622060339435, 4.143286611519608, 4.148951013103809, 4.154616511725132, 4.160281162635953, 4.165946212469363, 4.171611711090686, 4.177277409173305, 4.182942608602686, 4.188608456281275, 4.194274553286484, 4.199940500695721, 4.205606996623519, 4.211273243224698, 4.216939589556525, 4.222606284945619, 4.228272681142769, 4.233939276801215, 4.239605772729013, 4.245273216097963, 4.250744788475286, 4.256410187365962, 4.262075386795343, 4.267741134743285], "valacchistory": [0.009803921915590763, 0.026143791154026985, 0.03921568766236305, 0.04575163498520851, 0.0555555559694767, 0.08169934898614883, 0.09477124363183975, 0.11437908560037613, 0.12418300658464432, 0.15032680332660675, 0.15359477698802948, 0.1568627506494522, 0.1568627506494522, 0.16013072431087494, 0.16013072431087494, 0.16013072431087494, 0.1666666716337204, 0.1666666716337204, 0.16993464529514313, 0.17320261895656586, 0.17320261895656586, 0.17320261895656586, 0.17320261895656586, 0.17320261895656586, 0.17320261895656586, 0.17320261895656586, 0.17320261895656586, 0.17320261895656586, 0.17320261895656586, 0.17320261895656586, 0.17320261895656586, 0.17320261895656586, 0.17320261895656586, 0.17320261895656586, 0.17320261895656586, 0.17320261895656586, 0.17320261895656586, 0.17320261895656586, 0.17320261895656586, 0.17320261895656586, 0.17320261895656586, 0.17320261895656586, 0.17320261895656586, 0.17320261895656586, 0.17320261895656586, 0.17320261895656586, 0.17320261895656586, 0.17320261895656586, 0.17320261895656586, 0.17320261895656586, 0.17320261895656586, 0.17320261895656586, 0.17320261895656586, 0.17320261895656586, 0.17320261895656586, 0.17320261895656586, 0.17320261895656586, 0.17320261895656586, 0.17320261895656586, 0.17320261895656586, 0.17320261895656586, 0.17320261895656586, 0.17320261895656586, 0.17320261895656586, 0.17320261895656586, 0.17320261895656586, 0.17320261895656586, 0.17320261895656586, 0.17320261895656586, 0.17320261895656586, 0.17320261895656586, 0.17320261895656586, 0.17320261895656586, 0.17320261895656586, 0.17320261895656586], "last_epoch": -1}