{"trlosshistory": [248.9739355947457, 209.04762321920956, 226.398380354339, 233.69234409706266, 239.81815454819622, 242.8151632271561, 245.7765640557981, 247.04728561102175, 248.48789517271751, 249.32432185154335, 250.31348655551088, 250.799461813534, 251.3280771891276, 251.3745132745481, 252.15710179946, 252.15625562480852, 252.04508690927543, 251.53877306171492, 252.71962118709789, 253.0026476691751], "vallosshistory": [298.3675068574793, 324.61664919385726, 341.5070380715763, 351.4387665393306, 357.56419414445463, 362.57988496668196, 366.66805946499693, 366.9680741852405, 368.25801415536915, 370.00787987802545, 371.28778411266853, 371.1082296932445, 371.74649275237437, 371.7110616048177, 372.65377281039366, 372.5008013556985, 372.18001697016695, 373.3315065870098, 372.4484827378217, 373.57003125957414], "valacchistory": [0.012745099142193794, 0.011764707043766975, 0.011764707043766975, 0.011764707043766975, 0.012745099142193794, 0.012745099142193794, 0.014705883339047432, 0.01568627543747425, 0.01666666753590107, 0.01568627543747425, 0.01568627543747425, 0.01568627543747425, 0.01666666753590107, 0.01764705963432789, 0.019607843831181526, 0.026470590382814407, 0.0313725508749485, 0.028431374579668045, 0.03529411926865578, 0.036274511367082596], "last_epoch": -1}