{"trlosshistory": [129.2201379514208, 7.8064822309157424, 3.8405920243730733, 3.0035982412450455, 2.599730515012554], "vallosshistory": [4.520611716251747, 4.002172722535975, 3.1987511083191515, 2.848664078057981, 3.1634825958925137], "valacchistory": [0.06862745434045792, 0.09803921729326248, 0.10784313827753067, 0.0882352963089943, 0.09803921729326248], "last_epoch": -1}