{"trlosshistory": [4.795295894847197, 4.635045100193397, 4.51835968915154, 4.406688091801662, 4.298102434943704, 4.192160782159544, 4.088767751057943, 3.987864954331342, 3.889400063309015, 3.7932601629518996, 3.6994740654440488, 3.608025988410501, 3.5189798990885417, 3.432301659677543, 3.3480354608273974, 3.266265510110294, 3.186970953847848, 3.110085880055147, 3.0356581444833792, 2.9635817733465455, 2.8939323126101026, 2.8267154020421645, 2.761838561413335, 2.6992890451468674, 2.639009677662569, 2.580953770057828, 2.525090430764591, 2.471313880471622, 2.4195826511757046, 2.3698742810417626, 2.32214048797009, 2.276371518303366, 2.2325219696643304, 2.1905463050393497, 2.1505056269028606, 2.1121875463747513, 2.075665073768765, 2.040869978362439, 2.0077805986591413, 1.9763618693632239, 1.946572920855354, 1.9183824950573491, 1.8918232188505284, 1.8668275346942977, 1.8433657627479703, 1.821408941231522, 1.8009144278133618, 1.7818787369073605, 1.764259974161784, 1.7479940003039791, 1.7330584133372586, 1.719530075671626, 1.7072444018195658, 1.6961672764198452, 1.686306755215514, 1.6776055953081916, 1.6700688081629136, 1.6635811749626608, 1.658108445709827, 1.6536153082754097, 1.650055238312366, 1.6474365309172985, 1.6456031948912377, 1.6445565092797372, 1.644255200554343, 1.644647097120098, 1.645685121124866, 1.6473675746543734, 1.6495719161688114, 1.6522878160663679, 1.6554758632884305, 1.659256160960478, 1.6632744957419003, 1.6676485921822342, 1.6723445219152113], "vallosshistory": [4.718010517195159, 4.669628143310547, 4.613639218199487, 4.557543302049824, 4.502617256314147, 4.44889752257104, 4.396342139150582, 4.344869710884843, 4.2944709927428, 4.244795945111443, 4.196163730995328, 4.1487686306822535, 4.102396826650582, 4.057499934177772, 4.013448154225069, 3.9707509059532016, 3.929343563902612, 3.88924010033701, 3.850374319039139, 3.8129150839412915, 3.7768629934273514, 3.7421417236328125, 3.7088074628044576, 3.676899180692785, 3.6462953604903876, 3.6169537862141925, 3.5885901058421417, 3.56197608498966, 3.536496285831227, 3.5119385812796797, 3.4887711768056833, 3.466584882549211, 3.44552474676394, 3.4254857530780867, 3.4066654429716223, 3.388511702593635, 3.371462204877068, 3.355521078670726, 3.34039680630553, 3.3258830650179996, 3.312502378575942, 3.2999716515634576, 3.2882573595233993, 3.2771024666580497, 3.266799851959827, 3.2574047313017003, 3.2487443512561276, 3.2406450009813494, 3.2331755095837162, 3.2265362010282628, 3.220416125129251, 3.2149207021675856, 3.2101001664703968, 3.205893722234988, 3.2022580315085016, 3.199175053016812, 3.1966538672353706, 3.194569396972656, 3.193043248793658, 3.192049647312538, 3.191566557042739, 3.19151777379653, 3.1918913598154104, 3.192857525395412, 3.194247481402229, 3.1959155512791053, 3.198133685542088, 3.2008630640366498, 3.2037867527382047, 3.2071458105947457, 3.2109385471717986, 3.215029084448721, 3.2194714265711166, 3.224293099197687, 3.229176076253255], "valacchistory": [0.021568628028035164, 0.028431374579668045, 0.03529411926865578, 0.04313725605607033, 0.051960788667201996, 0.0676470622420311, 0.07450980693101883, 0.08529412001371384, 0.09607844054698944, 0.11568628251552582, 0.1352941244840622, 0.15882353484630585, 0.17352941632270813, 0.1980392336845398, 0.22745099663734436, 0.24705883860588074, 0.26862746477127075, 0.28921571373939514, 0.3137255012989044, 0.32549020648002625, 0.34607845544815063, 0.365686297416687, 0.3813725709915161, 0.4019608199596405, 0.41372552514076233, 0.4284313917160034, 0.44607844948768616, 0.458823561668396, 0.4686274826526642, 0.480392187833786, 0.4911764860153198, 0.4960784614086151, 0.5137255191802979, 0.5284314155578613, 0.5392157435417175, 0.5480392575263977, 0.5578431487083435, 0.5686274766921997, 0.574509859085083, 0.5892156958580017, 0.6039215922355652, 0.6098039746284485, 0.6166666746139526, 0.6264706254005432, 0.6303921937942505, 0.6362745761871338, 0.6441177129745483, 0.6509804129600525, 0.658823549747467, 0.6647059321403503, 0.6696078777313232, 0.6705882549285889, 0.6754902601242065, 0.6774510145187378, 0.686274528503418, 0.686274528503418, 0.688235342502594, 0.6911765336990356, 0.6960784792900085, 0.7009804248809814, 0.7039216160774231, 0.7068628072738647, 0.7098039388656616, 0.7098039388656616, 0.710784375667572, 0.708823561668396, 0.7127451300621033, 0.7127451300621033, 0.7127451300621033, 0.7127451300621033, 0.7137255072593689, 0.7147059440612793, 0.7147059440612793, 0.7156863212585449, 0.7156863212585449], "last_epoch": -1}