{"trlosshistory": [22.843726902382045, 11.792926922966453, 8.594349849925322, 6.984814722397748, 6.1612433639227175, 5.917099956437653, 5.704609410903033, 5.536902872721354, 5.453170477175245, 5.382308989880132, 5.429941902908625, 5.368773187375536, 5.385844092275582, 5.421802356196385, 5.3602138444489125, 5.365643819173177, 5.373311510273054, 5.358483408011642, 5.336473951152727, 5.389352117800245], "vallosshistory": [13.171859741210938, 8.857828746122472, 7.083255872539445, 6.342050500009574, 6.037084422392003, 5.924178448845359, 5.906649959788603, 5.944492235370711, 6.016012902353324, 6.104479920630362, 6.206731220320159, 6.308206924737669, 6.4168790630265775, 6.529125467936198, 6.6368904562557445, 6.745416199927236, 6.855367922315411, 6.970787646723728, 7.081995317047718, 7.188583344104243], "valacchistory": [0.01764705963432789, 0.020588235929608345, 0.022549020126461983, 0.03235294297337532, 0.036274511367082596, 0.038235295563936234, 0.04117647185921669, 0.053921572864055634, 0.06666667014360428, 0.07647059112787247, 0.09509804844856262, 0.10588236153125763, 0.11176471412181854, 0.12450981140136719, 0.13725490868091583, 0.14705882966518402, 0.15294118225574493, 0.16274510324001312, 0.1725490242242813, 0.1774509847164154], "last_epoch": -1}