{"trlosshistory": [4.7766431920668655, 4.779813380023233, 4.793160482169756], "vallosshistory": [4.783351723664726, 4.8587274987713185, 4.91280853670407], "valacchistory": [0.009803921915590763, 0.026143791154026985, 0.03921568766236305], "last_epoch": -1}