{"trlosshistory": [4.684514712664037, 4.690075843162786, 4.967779770396114, 4.979995278751149, 4.977259617225797, 4.973431456322763, 4.970517875322329, 4.969129574844261, 4.969181534511591, 4.970737781399995], "vallosshistory": [4.680898030598958, 4.695051604626226, 4.891792796016518, 4.892243478812423, 4.911604837654463, 4.928533516678155, 4.941758598377502, 4.954364203160106, 4.966129826564415, 4.977648915808185], "valacchistory": [0.013071895577013493, 0.026143791154026985, 0.003267973894253373, 0.019607843831181526, 0.009803921915590763, 0.013071895577013493, 0.019607843831181526, 0.022875817492604256, 0.029411764815449715, 0.03267974033951759], "last_epoch": -1}