{"trlosshistory": [4.804117659026502, 4.653474949855431, 4.546080256443398, 4.443712376613243, 4.344503395230162, 4.248050315707338, 4.154267509310853, 4.063227933995864, 3.9748535754633885, 3.8890743779201133, 3.8059252121869256, 3.725396145091337, 3.6475695890538833, 3.57247875438017, 3.5001031913009344, 3.430598075717103, 3.363978172751034, 3.300173980114507, 3.2391923343434055, 3.1809391395718443, 3.1254827162798713, 3.072855033126532, 3.0229074216356464, 2.9756161110073913, 2.9309831507065716, 2.888876911238128, 2.8492851107728248, 2.812110586727367, 2.777310988482307, 2.7448278988108914], "vallosshistory": [4.7270088644588695, 4.688028941434973, 4.641325318579581, 4.594516110887715, 4.5489306879978555, 4.504605177337048, 4.461643263872932, 4.419883024926279, 4.3794849919337855, 4.34006129246132, 4.301866045185164, 4.26511936561734, 4.229585879456764, 4.1956975749894685, 4.162946334539675, 4.131889881807215, 4.102194124109605, 4.074246993719362, 4.0476963267606845, 4.022900166231043, 3.9994677973728554, 3.977857193292356, 3.9577491610657933, 3.939490613750383, 3.922501044179879, 3.906842774035884, 3.892734467749502, 3.8803039999569164, 3.8690080380907244, 3.8590854420381433], "valacchistory": [0.021568628028035164, 0.028431374579668045, 0.03529411926865578, 0.04313725605607033, 0.051960788667201996, 0.0676470622420311, 0.07450980693101883, 0.08627451211214066, 0.09607844054698944, 0.11568628251552582, 0.13333334028720856, 0.15784314274787903, 0.1725490242242813, 0.1931372731924057, 0.22549021244049072, 0.24705883860588074, 0.26274511218070984, 0.28823530673980713, 0.30588236451148987, 0.3245098292827606, 0.34215688705444336, 0.3588235378265381, 0.3745098114013672, 0.3921568989753723, 0.4078431725502014, 0.41862747073173523, 0.43627452850341797, 0.4539215862751007, 0.46078434586524963, 0.4754902124404907], "last_epoch": -1}