{"trlosshistory": [4.848296071968827, 4.836484004001991, 4.825704118317248, 4.8161367977366725, 4.80773551791322, 4.800392360313266, 4.793944923550475, 4.788332711014093, 4.783318613089767, 4.778947029861749, 4.775133529363894, 4.771829941693475, 4.768994768928079, 4.766523353726256, 4.7644505818684895, 4.762701266419654, 4.761258024327895, 4.760095753389247, 4.759182529823453, 4.758488524193857, 4.73526731004902, 4.749607699525122, 4.7495793959673716, 4.749306413239124, 4.748997706992953, 4.748747253417969, 4.748680743049173, 4.748761764227175, 4.748983016668581, 4.749342645383349], "vallosshistory": [4.766636238846124, 4.78358725753485, 4.78364236869064, 4.78159299364277, 4.780211026060815, 4.779610906862745, 4.779792037664675, 4.7805879480698525, 4.7819972917145375, 4.7840185427198225, 4.786440232220818, 4.7892791448854934, 4.792480887618719, 4.796027090035233, 4.799880053950291, 4.803989066329657, 4.808359632305071, 4.812929908902038, 4.817703456504672, 4.822653886383655, 4.819694279689415, 4.826198323567708, 4.830967084099265, 4.83590419993681, 4.840899658203125, 4.84603391161152, 4.851285926968443, 4.8567033057119335, 4.86222552131204, 4.867847188313802], "valacchistory": [0.010784314014017582, 0.013725491240620613, 0.014705883339047432, 0.013725491240620613, 0.013725491240620613, 0.013725491240620613, 0.01568627543747425, 0.01666666753590107, 0.01568627543747425, 0.01568627543747425, 0.018627451732754707, 0.018627451732754707, 0.019607843831181526, 0.019607843831181526, 0.019607843831181526, 0.020588235929608345, 0.022549020126461983, 0.02450980618596077, 0.02450980618596077, 0.027450982481241226, 0.029411766678094864, 0.0313725508749485, 0.037254903465509415, 0.038235295563936234, 0.04215686395764351, 0.04313725605607033, 0.045098040252923965, 0.04901961237192154, 0.04901961237192154, 0.05098039656877518], "last_epoch": -1}